rid	currentIndex	data_0	data_1	data_2	data_3	data_4	expType	experimentName	realLarger	realPercentage	repeatIndex	selectedIndices_0	selectedIndices_1	selectedPercentage	sessionId	trial	trialEndTime	trialStartTime	uniqueTrialId	vis
1	9	15.8129659199499	72.9285090463236	37.2069786351762	19.3163269665092	56.180385267362	main	cmtest	C	0.425	1	0	2	50	-LvBo_ZuTd3kZHTZjYx0	moving9	1575394607098	1575394570695	9	moving
2	4	49.0144959631118	8.57753679354457	63.8214366044849	49.6992086060345	11.9294336996973	main	cmtest	A	0.175	1	1	0	30	-LvBo_ZuTd3kZHTZjYx0	rotation4	1575394616359	1575394607120	4	rotation
3	15	39.1617376036753	32.8177746850997	54.0161897981728	68.8035423401743	18.9645187696442	main	cmtest	C	0.725	1	0	2	50	-LvBo_ZuTd3kZHTZjYx0	rotation15	1575394630852	1575394616378	15	rotation
4	6	81.4308847533539	68.3743562549353	98.665779363364	16.8642861768603	18.8029479701072	main	cmtest	B	0.275	1	4	1	20	-LvBo_ZuTd3kZHTZjYx0	rotation6	1575394636820	1575394630871	6	rotation
5	5	62.2385144699365	43.2420523371547	12.2360039540395	2.7531008896589	59.3528500990942	main	cmtest	C	0.225	1	3	2	20	-LvBo_ZuTd3kZHTZjYx0	moving5	1575394653269	1575394636852	5	moving
6	18	53.1058046035469	46.2701585143805	63.695045770146	40.4863887000829	30.8335199952126	main	cmtest	B	0.875	1	3	1	100	-LvBo_ZuTd3kZHTZjYx0	moving18	1575394662316	1575394653302	18	moving
7	11	31.127199988629	8.58497268054634	16.3417799940302	83.2133897580206	44.7683473583311	main	cmtest	A	0.525	1	2	0	50	-LvBo_ZuTd3kZHTZjYx0	rotation11	1575394666339	1575394662336	11	rotation
8	9	72.9285090463236	19.3163269665092	15.8129659199499	56.180385267362	37.2069786351762	main	cmtest	E	0.425	1	2	4	45	-LvBo_ZuTd3kZHTZjYx0	rotation9	1575394677179	1575394666367	9	rotation
9	20	96.4918015990406	38.1625866284594	5.75510876937003	5.61123105013578	72.4285129690543	main	cmtest	C	0.975	1	3	2	90	-LvBo_ZuTd3kZHTZjYx0	moving20	1575394686910	1575394677202	20	moving
10	8	42.7727237110958	69.1347193311561	95.5788051011041	95.4173318808898	25.9255197491835	main	cmtest	B	0.375	1	4	1	40	-LvBo_ZuTd3kZHTZjYx0	rotation8	1575394693812	1575394686930	8	rotation
11	6	81.4308847533539	16.8642861768603	98.665779363364	68.3743562549353	18.8029479701072	main	cmtest	D	0.275	1	4	3	45	-LvBo_ZuTd3kZHTZjYx0	moving6	1575394706636	1575394698605	6	moving
12	17	60.8629639726132	39.0190941980109	22.6906576793488	13.2386145181954	18.7197925854627	main	cmtest	C	0.825	1	4	2	60	-LvBo_ZuTd3kZHTZjYx0	rotation17	1575394717317	1575394706657	17	rotation
13	15	18.9645187696442	32.8177746850997	54.0161897981728	39.1617376036753	68.8035423401743	main	cmtest	C	0.725	1	3	2	90	-LvBo_ZuTd3kZHTZjYx0	moving15	1575394724788	1575394717340	15	moving
14	7	13.7696740797387	88.1584620336071	16.5643460350111	4.47514407591508	63.1675882032141	main	cmtest	A	0.325	1	3	0	50	-LvBo_ZuTd3kZHTZjYx0	rotation7	1575394728811	1575394724809	7	rotation
15	3	77.90200591553	64.8942107334733	8.11177634168416	13.9991177245975	16.3028917973861	main	cmtest	B	0.125	1	2	1	26	-LvBo_ZuTd3kZHTZjYx0	moving3	1575394740076	1575394728842	3	moving
16	8	95.4173318808898	25.9255197491835	42.7727237110958	95.5788051011041	69.1347193311561	main	cmtest	E	0.375	1	1	4	40	-LvBo_ZuTd3kZHTZjYx0	moving8	1575394755614	1575394740100	8	moving
17	5	59.3528500990942	2.7531008896589	43.2420523371547	62.2385144699365	12.2360039540395	main	cmtest	E	0.225	1	1	4	30	-LvBo_ZuTd3kZHTZjYx0	rotation5	1575394761133	1575394755633	5	rotation
18	16	14.257651520893	35.0780632346869	1.89526059048277	1.46882695762414	78.7797485711053	main	cmtest	C	0.775	1	3	2	90	-LvBo_ZuTd3kZHTZjYx0	rotation16	1575394767788	1575394761162	16	rotation
19	16	35.0780632346869	1.89526059048277	14.257651520893	78.7797485711053	1.46882695762414	main	cmtest	B	0.775	1	4	1	85	-LvBo_ZuTd3kZHTZjYx0	moving16	1575394778526	1575394767809	16	moving
20	12	85.7616871595383	77.9650794574991	49.9972452572177	0.0393315451219678	28.7484160229002	main	cmtest	C	0.575	1	4	2	90	-LvBo_ZuTd3kZHTZjYx0	moving12	1575394790013	1575394778553	12	moving
21	12	0.0393315451219678	49.9972452572177	77.9650794574991	85.7616871595383	28.7484160229002	main	cmtest	B	0.575	1	4	1	70	-LvBo_ZuTd3kZHTZjYx0	rotation12	1575394799893	1575394791187	12	rotation
22	7	63.1675882032141	13.7696740797387	4.47514407591508	16.5643460350111	88.1584620336071	main	cmtest	B	0.325	1	2	1	60	-LvBo_ZuTd3kZHTZjYx0	moving7	1575394805715	1575394799915	7	moving
23	10	8.6432457783149	45.7821950083598	18.1963069017156	37.7604408888146	2.49180083628744	main	cmtest	C	0.475	1	0	2	60	-LvBo_ZuTd3kZHTZjYx0	moving10	1575394812220	1575394805739	10	moving
24	2	43.989209830761	55.9441511053592	3.59927811226699	30.5065141059458	47.9903748302266	main	cmtest	E	0.075	1	2	4	20	-LvBo_ZuTd3kZHTZjYx0	rotation2	1575394817776	1575394812239	2	rotation
25	18	46.2701585143805	63.695045770146	30.8335199952126	53.1058046035469	40.4863887000829	main	cmtest	A	0.875	1	4	0	95	-LvBo_ZuTd3kZHTZjYx0	rotation18	1575394825501	1575394817794	18	rotation
26	19	0.430113756908225	79.3081061216071	53.8587196497247	70.1779041904956	0.397855225140108	main	cmtest	A	0.925	1	4	0	90	-LvBo_ZuTd3kZHTZjYx0	moving19	1575394839998	1575394825523	19	moving
27	13	85.3074290556833	35.2842737651932	56.454838024309	50.5524332169443	57.2677425574511	main	cmtest	C	0.625	1	1	2	85	-LvBo_ZuTd3kZHTZjYx0	rotation13	1575394844955	1575394840017	13	rotation
28	19	53.8587196497247	0.430113756908225	0.397855225140108	79.3081061216071	70.1779041904956	main	cmtest	B	0.925	1	2	1	90	-LvBo_ZuTd3kZHTZjYx0	rotation19	1575394851945	1575394844972	19	rotation
29	1	10.2327921194956	87.7082964814291	46.7147195478901	2.19270741203573	73.0911182938144	main	cmtest	B	0.025	1	3	1	15	-LvBo_ZuTd3kZHTZjYx0	moving1	1575394862824	1575394851968	1	moving
30	3	77.90200591553	13.9991177245975	64.8942107334733	16.3028917973861	8.11177634168416	main	cmtest	C	0.125	1	4	2	30	-LvBo_ZuTd3kZHTZjYx0	rotation3	1575394872996	1575394862843	3	rotation
31	13	35.2842737651932	56.454838024309	57.2677425574511	85.3074290556833	50.5524332169443	main	cmtest	B	0.625	1	0	1	95	-LvBo_ZuTd3kZHTZjYx0	moving13	1575394885838	1575394874527	13	moving
32	1	46.7147195478901	10.2327921194956	2.19270741203573	73.0911182938144	87.7082964814291	main	cmtest	E	0.025	1	2	4	20	-LvBo_ZuTd3kZHTZjYx0	rotation1	1575394889051	1575394885856	1	rotation
33	14	99.7720881830901	10.5872879458119	15.6848710308324	1.56130550894886	62.0124822948128	main	cmtest	C	0.675	1	1	2	88	-LvBo_ZuTd3kZHTZjYx0	moving14	1575394901018	1575394889065	14	moving
34	20	5.61123105013578	96.4918015990406	72.4285129690543	5.75510876937003	38.1625866284594	main	cmtest	D	0.975	1	0	3	100	-LvBo_ZuTd3kZHTZjYx0	rotation20	1575394913524	1575394901036	20	rotation
35	10	18.1963069017156	8.6432457783149	45.7821950083598	2.49180083628744	37.7604408888146	main	cmtest	A	0.475	1	1	0	90	-LvBo_ZuTd3kZHTZjYx0	rotation10	1575394917958	1575394913541	10	rotation
36	4	8.57753679354457	11.9294336996973	49.6992086060345	49.0144959631118	63.8214366044849	main	cmtest	D	0.175	1	0	3	60	-LvBo_ZuTd3kZHTZjYx0	moving4	1575394936647	1575394917978	4	moving
37	14	99.7720881830901	1.56130550894886	10.5872879458119	62.0124822948128	15.6848710308324	main	cmtest	E	0.675	1	2	4	85	-LvBo_ZuTd3kZHTZjYx0	rotation14	1575394945821	1575394936665	14	rotation
38	17	60.8629639726132	18.7197925854627	13.2386145181954	22.6906576793488	39.0190941980109	main	cmtest	D	0.825	1	1	3	88	-LvBo_ZuTd3kZHTZjYx0	moving17	1575394955950	1575394945845	17	moving
39	2	43.989209830761	3.59927811226699	47.9903748302266	30.5065141059458	55.9441511053592	main	cmtest	C	0.075	1	1	2	20	-LvBo_ZuTd3kZHTZjYx0	moving2	1575394974774	1575394955970	2	moving
40	11	44.7683473583311	8.58497268054634	16.3417799940302	83.2133897580206	31.127199988629	main	cmtest	E	0.525	1	2	4	85	-LvBo_ZuTd3kZHTZjYx0	moving11	1575394986644	1575394974796	11	moving
41	9	15.8129659199499	72.9285090463236	37.2069786351762	19.3163269665092	56.180385267362	main	motion-pilot1	C	0.425	1	0	2	42	-LvC6pvzupGUM7zLqyNc	moving9	1575399504285	1575399496402	9	moving
42	4	49.0144959631118	8.57753679354457	63.8214366044849	49.6992086060345	11.9294336996973	main	motion-pilot1	A	0.175	1	1	0	67	-LvC6pvzupGUM7zLqyNc	rotation4	1575399512272	1575399504287	4	rotation
43	15	39.1617376036753	32.8177746850997	54.0161897981728	68.8035423401743	18.9645187696442	main	motion-pilot1	C	0.725	1	0	2	60	-LvC6pvzupGUM7zLqyNc	rotation15	1575399515833	1575399512273	15	rotation
44	6	81.4308847533539	68.3743562549353	98.665779363364	16.8642861768603	18.8029479701072	main	motion-pilot1	B	0.275	1	4	1	40	-LvC6pvzupGUM7zLqyNc	rotation6	1575399538339	1575399515834	6	rotation
45	5	62.2385144699365	43.2420523371547	12.2360039540395	2.7531008896589	59.3528500990942	main	motion-pilot1	C	0.225	1	3	2	25	-LvC6pvzupGUM7zLqyNc	moving5	1575399542597	1575399538345	5	moving
46	9	15.8129659199499	72.9285090463236	37.2069786351762	19.3163269665092	56.180385267362	main	motion-pilot1	C	0.425	1	0	2	50	-LvC6vkMlBWxRbJuSo9O	moving9	1575399546705	1575399537017	9	moving
47	18	53.1058046035469	46.2701585143805	63.695045770146	40.4863887000829	30.8335199952126	main	motion-pilot1	B	0.875	1	3	1	40	-LvC6pvzupGUM7zLqyNc	moving18	1575399548177	1575399542600	18	moving
48	4	49.0144959631118	8.57753679354457	63.8214366044849	49.6992086060345	11.9294336996973	main	motion-pilot1	A	0.175	1	1	0	10	-LvC6vkMlBWxRbJuSo9O	rotation4	1575399553697	1575399546710	4	rotation
49	11	31.127199988629	8.58497268054634	16.3417799940302	83.2133897580206	44.7683473583311	main	motion-pilot1	A	0.525	1	2	0	20	-LvC6pvzupGUM7zLqyNc	rotation11	1575399554946	1575399548178	11	rotation
50	9	72.9285090463236	19.3163269665092	15.8129659199499	56.180385267362	37.2069786351762	main	motion-pilot1	E	0.425	1	2	4	50	-LvC6pvzupGUM7zLqyNc	rotation9	1575399560543	1575399554947	9	rotation
51	15	39.1617376036753	32.8177746850997	54.0161897981728	68.8035423401743	18.9645187696442	main	motion-pilot1	C	0.725	1	0	2	15	-LvC6vkMlBWxRbJuSo9O	rotation15	1575399562197	1575399553702	15	rotation
52	20	96.4918015990406	38.1625866284594	5.75510876937003	5.61123105013578	72.4285129690543	main	motion-pilot1	C	0.975	1	3	2	2	-LvC6pvzupGUM7zLqyNc	moving20	1575399567098	1575399560544	20	moving
53	6	81.4308847533539	68.3743562549353	98.665779363364	16.8642861768603	18.8029479701072	main	motion-pilot1	B	0.275	1	4	1	7	-LvC6vkMlBWxRbJuSo9O	rotation6	1575399571580	1575399562200	6	rotation
54	8	42.7727237110958	69.1347193311561	95.5788051011041	95.4173318808898	25.9255197491835	main	motion-pilot1	B	0.375	1	4	1	50	-LvC6pvzupGUM7zLqyNc	rotation8	1575399573506	1575399567099	8	rotation
55	5	62.2385144699365	43.2420523371547	12.2360039540395	2.7531008896589	59.3528500990942	main	motion-pilot1	C	0.225	1	3	2	10	-LvC6vkMlBWxRbJuSo9O	moving5	1575399581041	1575399571583	5	moving
56	9	15.8129659199499	72.9285090463236	37.2069786351762	19.3163269665092	56.180385267362	main	motion-pilot1	C	0.425	1	0	2	60	-LvC6l9Ql92l497mm6lb	moving9	1575399616789	1575399598597	9	moving
57	18	53.1058046035469	46.2701585143805	63.695045770146	40.4863887000829	30.8335199952126	main	motion-pilot1	B	0.875	1	3	1	100	-LvC6vkMlBWxRbJuSo9O	moving18	1575399590952	1575399581046	18	moving
58	6	81.4308847533539	16.8642861768603	98.665779363364	68.3743562549353	18.8029479701072	main	motion-pilot1	D	0.275	1	4	3	74	-LvC6pvzupGUM7zLqyNc	moving6	1575399597888	1575399583124	6	moving
59	11	31.127199988629	8.58497268054634	16.3417799940302	83.2133897580206	44.7683473583311	main	motion-pilot1	A	0.525	1	2	0	12	-LvC6vkMlBWxRbJuSo9O	rotation11	1575399599393	1575399590955	11	rotation
60	17	60.8629639726132	39.0190941980109	22.6906576793488	13.2386145181954	18.7197925854627	main	motion-pilot1	C	0.825	1	4	2	25	-LvC6pvzupGUM7zLqyNc	rotation17	1575399600794	1575399597896	17	rotation
61	4	49.0144959631118	8.57753679354457	63.8214366044849	49.6992086060345	11.9294336996973	main	motion-pilot1	A	0.175	1	1	0	25	-LvC6l9Ql92l497mm6lb	rotation4	1575399635885	1575399616800	4	rotation
62	15	18.9645187696442	32.8177746850997	54.0161897981728	39.1617376036753	68.8035423401743	main	motion-pilot1	C	0.725	1	3	2	50	-LvC6pvzupGUM7zLqyNc	moving15	1575399606369	1575399600796	15	moving
63	7	13.7696740797387	88.1584620336071	16.5643460350111	4.47514407591508	63.1675882032141	main	motion-pilot1	A	0.325	1	3	0	25	-LvC6pvzupGUM7zLqyNc	rotation7	1575399609361	1575399606370	7	rotation
64	3	77.90200591553	64.8942107334733	8.11177634168416	13.9991177245975	16.3028917973861	main	motion-pilot1	B	0.125	1	2	1	75	-LvC6pvzupGUM7zLqyNc	moving3	1575399613672	1575399609362	3	moving
65	15	39.1617376036753	32.8177746850997	54.0161897981728	68.8035423401743	18.9645187696442	main	motion-pilot1	C	0.725	1	0	2	50	-LvC6l9Ql92l497mm6lb	rotation15	1575399648443	1575399635889	15	rotation
66	8	95.4173318808898	25.9255197491835	42.7727237110958	95.5788051011041	69.1347193311561	main	motion-pilot1	E	0.375	1	1	4	65	-LvC6pvzupGUM7zLqyNc	moving8	1575399618507	1575399613673	8	moving
67	5	59.3528500990942	2.7531008896589	43.2420523371547	62.2385144699365	12.2360039540395	main	motion-pilot1	E	0.225	1	1	4	5	-LvC6pvzupGUM7zLqyNc	rotation5	1575399621460	1575399618508	5	rotation
68	9	72.9285090463236	19.3163269665092	15.8129659199499	56.180385267362	37.2069786351762	main	motion-pilot1	E	0.425	1	2	4	5	-LvC6vkMlBWxRbJuSo9O	rotation9	1575399622975	1575399599397	9	rotation
69	20	96.4918015990406	38.1625866284594	5.75510876937003	5.61123105013578	72.4285129690543	main	motion-pilot1	C	0.975	1	3	2	100	-LvC6vkMlBWxRbJuSo9O	moving20	1575399629688	1575399622990	20	moving
70	16	14.257651520893	35.0780632346869	1.89526059048277	1.46882695762414	78.7797485711053	main	motion-pilot1	C	0.775	1	3	2	5	-LvC6pvzupGUM7zLqyNc	rotation16	1575399631617	1575399621461	16	rotation
71	16	35.0780632346869	1.89526059048277	14.257651520893	78.7797485711053	1.46882695762414	main	motion-pilot1	B	0.775	1	4	1	5	-LvC6pvzupGUM7zLqyNc	moving16	1575399634901	1575399631628	16	moving
72	12	85.7616871595383	77.9650794574991	49.9972452572177	0.0393315451219678	28.7484160229002	main	motion-pilot1	C	0.575	1	4	2	25	-LvC6pvzupGUM7zLqyNc	moving12	1575399639861	1575399634902	12	moving
73	8	42.7727237110958	69.1347193311561	95.5788051011041	95.4173318808898	25.9255197491835	main	motion-pilot1	B	0.375	1	4	1	3	-LvC6vkMlBWxRbJuSo9O	rotation8	1575399638938	1575399629699	8	rotation
74	6	81.4308847533539	68.3743562549353	98.665779363364	16.8642861768603	18.8029479701072	main	motion-pilot1	B	0.275	1	4	1	30	-LvC6l9Ql92l497mm6lb	rotation6	1575399673325	1575399648445	6	rotation
75	6	81.4308847533539	16.8642861768603	98.665779363364	68.3743562549353	18.8029479701072	main	motion-pilot1	D	0.275	1	4	3	2	-LvC6vkMlBWxRbJuSo9O	moving6	1575399650697	1575399642714	6	moving
76	17	60.8629639726132	39.0190941980109	22.6906576793488	13.2386145181954	18.7197925854627	main	motion-pilot1	C	0.825	1	4	2	60	-LvC6vkMlBWxRbJuSo9O	rotation17	1575399655484	1575399650700	17	rotation
77	15	18.9645187696442	32.8177746850997	54.0161897981728	39.1617376036753	68.8035423401743	main	motion-pilot1	C	0.725	1	3	2	100	-LvC6vkMlBWxRbJuSo9O	moving15	1575399663909	1575399655490	15	moving
78	7	13.7696740797387	88.1584620336071	16.5643460350111	4.47514407591508	63.1675882032141	main	motion-pilot1	A	0.325	1	3	0	2	-LvC6vkMlBWxRbJuSo9O	rotation7	1575399671447	1575399663912	7	rotation
79	5	62.2385144699365	43.2420523371547	12.2360039540395	2.7531008896589	59.3528500990942	main	motion-pilot1	C	0.225	1	3	2	25	-LvC6l9Ql92l497mm6lb	moving5	1575399711331	1575399673339	5	moving
80	3	77.90200591553	64.8942107334733	8.11177634168416	13.9991177245975	16.3028917973861	main	motion-pilot1	B	0.125	1	2	1	3	-LvC6vkMlBWxRbJuSo9O	moving3	1575399679759	1575399671451	3	moving
81	8	95.4173318808898	25.9255197491835	42.7727237110958	95.5788051011041	69.1347193311561	main	motion-pilot1	E	0.375	1	1	4	5	-LvC6vkMlBWxRbJuSo9O	moving8	1575399687215	1575399679761	8	moving
82	5	59.3528500990942	2.7531008896589	43.2420523371547	62.2385144699365	12.2360039540395	main	motion-pilot1	E	0.225	1	1	4	2	-LvC6vkMlBWxRbJuSo9O	rotation5	1575399692977	1575399687219	5	rotation
83	16	14.257651520893	35.0780632346869	1.89526059048277	1.46882695762414	78.7797485711053	main	motion-pilot1	C	0.775	1	3	2	100	-LvC6vkMlBWxRbJuSo9O	rotation16	1575399704096	1575399692980	16	rotation
84	12	0.0393315451219678	49.9972452572177	77.9650794574991	85.7616871595383	28.7484160229002	main	motion-pilot1	B	0.575	1	4	1	50	-LvC6pvzupGUM7zLqyNc	rotation12	1575399707020	1575399642261	12	rotation
85	7	63.1675882032141	13.7696740797387	4.47514407591508	16.5643460350111	88.1584620336071	main	motion-pilot1	B	0.325	1	2	1	25	-LvC6pvzupGUM7zLqyNc	moving7	1575399710651	1575399707027	7	moving
86	16	35.0780632346869	1.89526059048277	14.257651520893	78.7797485711053	1.46882695762414	main	motion-pilot1	B	0.775	1	4	1	90	-LvC6vkMlBWxRbJuSo9O	moving16	1575399712091	1575399704100	16	moving
87	10	8.6432457783149	45.7821950083598	18.1963069017156	37.7604408888146	2.49180083628744	main	motion-pilot1	C	0.475	1	0	2	25	-LvC6pvzupGUM7zLqyNc	moving10	1575399718491	1575399710652	10	moving
88	12	85.7616871595383	77.9650794574991	49.9972452572177	0.0393315451219678	28.7484160229002	main	motion-pilot1	C	0.575	1	4	2	90	-LvC6vkMlBWxRbJuSo9O	moving12	1575399718096	1575399712093	12	moving
89	2	43.989209830761	55.9441511053592	3.59927811226699	30.5065141059458	47.9903748302266	main	motion-pilot1	E	0.075	1	2	4	67	-LvC6pvzupGUM7zLqyNc	rotation2	1575399721856	1575399718493	2	rotation
90	18	46.2701585143805	63.695045770146	30.8335199952126	53.1058046035469	40.4863887000829	main	motion-pilot1	A	0.875	1	4	0	45	-LvC6pvzupGUM7zLqyNc	rotation18	1575399727495	1575399721857	18	rotation
91	12	0.0393315451219678	49.9972452572177	77.9650794574991	85.7616871595383	28.7484160229002	main	motion-pilot1	B	0.575	1	4	1	15	-LvC6vkMlBWxRbJuSo9O	rotation12	1575399728891	1575399720928	12	rotation
92	18	53.1058046035469	46.2701585143805	63.695045770146	40.4863887000829	30.8335199952126	main	motion-pilot1	B	0.875	1	3	1	90	-LvC6l9Ql92l497mm6lb	moving18	1575399766983	1575399711344	18	moving
93	7	63.1675882032141	13.7696740797387	4.47514407591508	16.5643460350111	88.1584620336071	main	motion-pilot1	B	0.325	1	2	1	25	-LvC6vkMlBWxRbJuSo9O	moving7	1575399735094	1575399728894	7	moving
94	19	0.430113756908225	79.3081061216071	53.8587196497247	70.1779041904956	0.397855225140108	main	motion-pilot1	A	0.925	1	4	0	5	-LvC6pvzupGUM7zLqyNc	moving19	1575399737707	1575399727496	19	moving
95	10	8.6432457783149	45.7821950083598	18.1963069017156	37.7604408888146	2.49180083628744	main	motion-pilot1	C	0.475	1	0	2	50	-LvC6vkMlBWxRbJuSo9O	moving10	1575399740636	1575399735098	10	moving
96	2	43.989209830761	55.9441511053592	3.59927811226699	30.5065141059458	47.9903748302266	main	motion-pilot1	E	0.075	1	2	4	5	-LvC6vkMlBWxRbJuSo9O	rotation2	1575399744920	1575399740638	2	rotation
97	18	46.2701585143805	63.695045770146	30.8335199952126	53.1058046035469	40.4863887000829	main	motion-pilot1	A	0.875	1	4	0	100	-LvC6vkMlBWxRbJuSo9O	rotation18	1575399750326	1575399744924	18	rotation
98	11	31.127199988629	8.58497268054634	16.3417799940302	83.2133897580206	44.7683473583311	main	motion-pilot1	A	0.525	1	2	0	60	-LvC6l9Ql92l497mm6lb	rotation11	1575399782811	1575399766995	11	rotation
99	13	85.3074290556833	35.2842737651932	56.454838024309	50.5524332169443	57.2677425574511	main	motion-pilot1	C	0.625	1	1	2	25	-LvC6pvzupGUM7zLqyNc	rotation13	1575399756047	1575399737719	13	rotation
100	19	53.8587196497247	0.430113756908225	0.397855225140108	79.3081061216071	70.1779041904956	main	motion-pilot1	B	0.925	1	2	1	5	-LvC6pvzupGUM7zLqyNc	rotation19	1575399759072	1575399756054	19	rotation
101	19	0.430113756908225	79.3081061216071	53.8587196497247	70.1779041904956	0.397855225140108	main	motion-pilot1	A	0.925	1	4	0	100	-LvC6vkMlBWxRbJuSo9O	moving19	1575399759187	1575399750330	19	moving
102	1	10.2327921194956	87.7082964814291	46.7147195478901	2.19270741203573	73.0911182938144	main	motion-pilot1	B	0.025	1	3	1	87	-LvC6pvzupGUM7zLqyNc	moving1	1575399762120	1575399759073	1	moving
103	13	85.3074290556833	35.2842737651932	56.454838024309	50.5524332169443	57.2677425574511	main	motion-pilot1	C	0.625	1	1	2	50	-LvC6vkMlBWxRbJuSo9O	rotation13	1575399766462	1575399759190	13	rotation
104	3	77.90200591553	13.9991177245975	64.8942107334733	16.3028917973861	8.11177634168416	main	motion-pilot1	C	0.125	1	4	2	87	-LvC6pvzupGUM7zLqyNc	rotation3	1575399768749	1575399762121	3	rotation
105	9	72.9285090463236	19.3163269665092	15.8129659199499	56.180385267362	37.2069786351762	main	motion-pilot1	E	0.425	1	2	4	60	-LvC6l9Ql92l497mm6lb	rotation9	1575399803257	1575399782816	9	rotation
106	13	35.2842737651932	56.454838024309	57.2677425574511	85.3074290556833	50.5524332169443	main	motion-pilot1	B	0.625	1	0	1	45	-LvC6pvzupGUM7zLqyNc	moving13	1575399773895	1575399770410	13	moving
107	19	53.8587196497247	0.430113756908225	0.397855225140108	79.3081061216071	70.1779041904956	main	motion-pilot1	B	0.925	1	2	1	100	-LvC6vkMlBWxRbJuSo9O	rotation19	1575399773919	1575399766465	19	rotation
108	1	10.2327921194956	87.7082964814291	46.7147195478901	2.19270741203573	73.0911182938144	main	motion-pilot1	B	0.025	1	3	1	1	-LvC6vkMlBWxRbJuSo9O	moving1	1575399781131	1575399773921	1	moving
109	3	77.90200591553	13.9991177245975	64.8942107334733	16.3028917973861	8.11177634168416	main	motion-pilot1	C	0.125	1	4	2	3	-LvC6vkMlBWxRbJuSo9O	rotation3	1575399786563	1575399781135	3	rotation
110	20	96.4918015990406	38.1625866284594	5.75510876937003	5.61123105013578	72.4285129690543	main	motion-pilot1	C	0.975	1	3	2	95	-LvC6l9Ql92l497mm6lb	moving20	1575399823958	1575399803271	20	moving
111	1	46.7147195478901	10.2327921194956	2.19270741203573	73.0911182938144	87.7082964814291	main	motion-pilot1	E	0.025	1	2	4	72	-LvC6pvzupGUM7zLqyNc	rotation1	1575399794813	1575399773896	1	rotation
112	13	35.2842737651932	56.454838024309	57.2677425574511	85.3074290556833	50.5524332169443	main	motion-pilot1	B	0.625	1	0	1	75	-LvC6vkMlBWxRbJuSo9O	moving13	1575399795783	1575399788728	13	moving
113	14	99.7720881830901	10.5872879458119	15.6848710308324	1.56130550894886	62.0124822948128	main	motion-pilot1	C	0.675	1	1	2	20	-LvC6pvzupGUM7zLqyNc	moving14	1575399797655	1575399794820	14	moving
114	8	42.7727237110958	69.1347193311561	95.5788051011041	95.4173318808898	25.9255197491835	main	motion-pilot1	B	0.375	1	4	1	30	-LvC6l9Ql92l497mm6lb	rotation8	1575399835086	1575399823969	8	rotation
115	1	46.7147195478901	10.2327921194956	2.19270741203573	73.0911182938144	87.7082964814291	main	motion-pilot1	E	0.025	1	2	4	2	-LvC6vkMlBWxRbJuSo9O	rotation1	1575399803570	1575399795800	1	rotation
116	20	5.61123105013578	96.4918015990406	72.4285129690543	5.75510876937003	38.1625866284594	main	motion-pilot1	D	0.975	1	0	3	15	-LvC6pvzupGUM7zLqyNc	rotation20	1575399806177	1575399797656	20	rotation
117	10	18.1963069017156	8.6432457783149	45.7821950083598	2.49180083628744	37.7604408888146	main	motion-pilot1	A	0.475	1	1	0	25	-LvC6pvzupGUM7zLqyNc	rotation10	1575399808828	1575399806183	10	rotation
118	14	99.7720881830901	10.5872879458119	15.6848710308324	1.56130550894886	62.0124822948128	main	motion-pilot1	C	0.675	1	1	2	90	-LvC6vkMlBWxRbJuSo9O	moving14	1575399809994	1575399803580	14	moving
119	4	8.57753679354457	11.9294336996973	49.6992086060345	49.0144959631118	63.8214366044849	main	motion-pilot1	D	0.175	1	0	3	75	-LvC6pvzupGUM7zLqyNc	moving4	1575399811623	1575399808837	4	moving
120	20	5.61123105013578	96.4918015990406	72.4285129690543	5.75510876937003	38.1625866284594	main	motion-pilot1	D	0.975	1	0	3	100	-LvC6vkMlBWxRbJuSo9O	rotation20	1575399815298	1575399810000	20	rotation
121	10	18.1963069017156	8.6432457783149	45.7821950083598	2.49180083628744	37.7604408888146	main	motion-pilot1	A	0.475	1	1	0	80	-LvC6vkMlBWxRbJuSo9O	rotation10	1575399821314	1575399815303	10	rotation
122	4	8.57753679354457	11.9294336996973	49.6992086060345	49.0144959631118	63.8214366044849	main	motion-pilot1	D	0.175	1	0	3	6	-LvC6vkMlBWxRbJuSo9O	moving4	1575399827892	1575399821317	4	moving
123	14	99.7720881830901	1.56130550894886	10.5872879458119	62.0124822948128	15.6848710308324	main	motion-pilot1	E	0.675	1	2	4	45	-LvC6pvzupGUM7zLqyNc	rotation14	1575399836132	1575399811624	14	rotation
124	14	99.7720881830901	1.56130550894886	10.5872879458119	62.0124822948128	15.6848710308324	main	motion-pilot1	E	0.675	1	2	4	100	-LvC6vkMlBWxRbJuSo9O	rotation14	1575399836361	1575399827896	14	rotation
125	17	60.8629639726132	18.7197925854627	13.2386145181954	22.6906576793488	39.0190941980109	main	motion-pilot1	D	0.825	1	1	3	20	-LvC6pvzupGUM7zLqyNc	moving17	1575399838531	1575399836139	17	moving
126	17	60.8629639726132	18.7197925854627	13.2386145181954	22.6906576793488	39.0190941980109	main	motion-pilot1	D	0.825	1	1	3	100	-LvC6vkMlBWxRbJuSo9O	moving17	1575399842453	1575399836367	17	moving
127	2	43.989209830761	3.59927811226699	47.9903748302266	30.5065141059458	55.9441511053592	main	motion-pilot1	C	0.075	1	1	2	2	-LvC6vkMlBWxRbJuSo9O	moving2	1575399847258	1575399842456	2	moving
128	6	81.4308847533539	16.8642861768603	98.665779363364	68.3743562549353	18.8029479701072	main	motion-pilot1	D	0.275	1	4	3	20	-LvC6l9Ql92l497mm6lb	moving6	1575399882119	1575399843430	6	moving
129	11	44.7683473583311	8.58497268054634	16.3417799940302	83.2133897580206	31.127199988629	main	motion-pilot1	E	0.525	1	2	4	90	-LvC6vkMlBWxRbJuSo9O	moving11	1575399853212	1575399847261	11	moving
130	17	60.8629639726132	39.0190941980109	22.6906576793488	13.2386145181954	18.7197925854627	main	motion-pilot1	C	0.825	1	4	2	75	-LvC6l9Ql92l497mm6lb	rotation17	1575399894584	1575399882128	17	rotation
131	2	43.989209830761	3.59927811226699	47.9903748302266	30.5065141059458	55.9441511053592	main	motion-pilot1	C	0.075	1	1	2	75	-LvC6pvzupGUM7zLqyNc	moving2	1575399885060	1575399838533	2	moving
132	15	18.9645187696442	32.8177746850997	54.0161897981728	39.1617376036753	68.8035423401743	main	motion-pilot1	C	0.725	1	3	2	80	-LvC6l9Ql92l497mm6lb	moving15	1575399916429	1575399894588	15	moving
133	11	44.7683473583311	8.58497268054634	16.3417799940302	83.2133897580206	31.127199988629	main	motion-pilot1	E	0.525	1	2	4	25	-LvC6pvzupGUM7zLqyNc	moving11	1575399904154	1575399885067	11	moving
134	7	13.7696740797387	88.1584620336071	16.5643460350111	4.47514407591508	63.1675882032141	main	motion-pilot1	A	0.325	1	3	0	33	-LvC6l9Ql92l497mm6lb	rotation7	1575399942526	1575399916445	7	rotation
135	3	77.90200591553	64.8942107334733	8.11177634168416	13.9991177245975	16.3028917973861	main	motion-pilot1	B	0.125	1	2	1	25	-LvC6l9Ql92l497mm6lb	moving3	1575399988986	1575399942537	3	moving
136	8	95.4173318808898	25.9255197491835	42.7727237110958	95.5788051011041	69.1347193311561	main	motion-pilot1	E	0.375	1	1	4	67	-LvC6l9Ql92l497mm6lb	moving8	1575400036069	1575399988995	8	moving
137	5	59.3528500990942	2.7531008896589	43.2420523371547	62.2385144699365	12.2360039540395	main	motion-pilot1	E	0.225	1	1	4	20	-LvC6l9Ql92l497mm6lb	rotation5	1575400055029	1575400036081	5	rotation
138	16	14.257651520893	35.0780632346869	1.89526059048277	1.46882695762414	78.7797485711053	main	motion-pilot1	C	0.775	1	3	2	75	-LvC6l9Ql92l497mm6lb	rotation16	1575400107518	1575400055040	16	rotation
139	16	35.0780632346869	1.89526059048277	14.257651520893	78.7797485711053	1.46882695762414	main	motion-pilot1	B	0.775	1	4	1	80	-LvC6l9Ql92l497mm6lb	moving16	1575400140786	1575400107531	16	moving
140	12	85.7616871595383	77.9650794574991	49.9972452572177	0.0393315451219678	28.7484160229002	main	motion-pilot1	C	0.575	1	4	2	50	-LvC6l9Ql92l497mm6lb	moving12	1575400152767	1575400140795	12	moving
141	12	0.0393315451219678	49.9972452572177	77.9650794574991	85.7616871595383	28.7484160229002	main	motion-pilot1	B	0.575	1	4	1	75	-LvC6l9Ql92l497mm6lb	rotation12	1575400191222	1575400157570	12	rotation
142	7	63.1675882032141	13.7696740797387	4.47514407591508	16.5643460350111	88.1584620336071	main	motion-pilot1	B	0.325	1	2	1	30	-LvC6l9Ql92l497mm6lb	moving7	1575400222048	1575400191235	7	moving
143	10	8.6432457783149	45.7821950083598	18.1963069017156	37.7604408888146	2.49180083628744	main	motion-pilot1	C	0.475	1	0	2	60	-LvC6l9Ql92l497mm6lb	moving10	1575400249868	1575400222062	10	moving
144	2	43.989209830761	55.9441511053592	3.59927811226699	30.5065141059458	47.9903748302266	main	motion-pilot1	E	0.075	1	2	4	10	-LvC6l9Ql92l497mm6lb	rotation2	1575400288039	1575400249881	2	rotation
145	18	46.2701585143805	63.695045770146	30.8335199952126	53.1058046035469	40.4863887000829	main	motion-pilot1	A	0.875	1	4	0	90	-LvC6l9Ql92l497mm6lb	rotation18	1575400326617	1575400288052	18	rotation
146	19	0.430113756908225	79.3081061216071	53.8587196497247	70.1779041904956	0.397855225140108	main	motion-pilot1	A	0.925	1	4	0	90	-LvC6l9Ql92l497mm6lb	moving19	1575400380188	1575400326627	19	moving
147	13	85.3074290556833	35.2842737651932	56.454838024309	50.5524332169443	57.2677425574511	main	motion-pilot1	C	0.625	1	1	2	50	-LvC6l9Ql92l497mm6lb	rotation13	1575400427958	1575400380202	13	rotation
148	19	53.8587196497247	0.430113756908225	0.397855225140108	79.3081061216071	70.1779041904956	main	motion-pilot1	B	0.925	1	2	1	95	-LvC6l9Ql92l497mm6lb	rotation19	1575400501976	1575400427968	19	rotation
149	1	10.2327921194956	87.7082964814291	46.7147195478901	2.19270741203573	73.0911182938144	main	motion-pilot1	B	0.025	1	3	1	1	-LvC6l9Ql92l497mm6lb	moving1	1575400548610	1575400501993	1	moving
150	3	77.90200591553	13.9991177245975	64.8942107334733	16.3028917973861	8.11177634168416	main	motion-pilot1	C	0.125	1	4	2	15	-LvC6l9Ql92l497mm6lb	rotation3	1575400561188	1575400548621	3	rotation
151	13	35.2842737651932	56.454838024309	57.2677425574511	85.3074290556833	50.5524332169443	main	motion-pilot1	B	0.625	1	0	1	55	-LvC6l9Ql92l497mm6lb	moving13	1575400839757	1575400818770	13	moving
152	1	46.7147195478901	10.2327921194956	2.19270741203573	73.0911182938144	87.7082964814291	main	motion-pilot1	E	0.025	1	2	4	5	-LvC6l9Ql92l497mm6lb	rotation1	1575400872025	1575400839769	1	rotation
153	14	99.7720881830901	10.5872879458119	15.6848710308324	1.56130550894886	62.0124822948128	main	motion-pilot1	C	0.675	1	1	2	75	-LvC6l9Ql92l497mm6lb	moving14	1575400889216	1575400872039	14	moving
154	20	5.61123105013578	96.4918015990406	72.4285129690543	5.75510876937003	38.1625866284594	main	motion-pilot1	D	0.975	1	0	3	93	-LvC6l9Ql92l497mm6lb	rotation20	1575400969783	1575400889226	20	rotation
155	10	18.1963069017156	8.6432457783149	45.7821950083598	2.49180083628744	37.7604408888146	main	motion-pilot1	A	0.475	1	1	0	55	-LvC6l9Ql92l497mm6lb	rotation10	1575400993469	1575400969792	10	rotation
156	9	15.8129659199499	72.9285090463236	37.2069786351762	19.3163269665092	56.180385267362	main	motion-pilot1	C	0.425	1	0	2	50	-LvCCKA7zIkkVo7jboCQ	moving9	1575400847768	1575400832504	9	moving
157	4	8.57753679354457	11.9294336996973	49.6992086060345	49.0144959631118	63.8214366044849	main	motion-pilot1	D	0.175	1	0	3	25	-LvC6l9Ql92l497mm6lb	moving4	1575401010770	1575400993482	4	moving
158	4	49.0144959631118	8.57753679354457	63.8214366044849	49.6992086060345	11.9294336996973	main	motion-pilot1	A	0.175	1	1	0	25	-LvCCKA7zIkkVo7jboCQ	rotation4	1575400862931	1575400847776	4	rotation
159	15	39.1617376036753	32.8177746850997	54.0161897981728	68.8035423401743	18.9645187696442	main	motion-pilot1	C	0.725	1	0	2	80	-LvCCKA7zIkkVo7jboCQ	rotation15	1575400877413	1575400862935	15	rotation
160	14	99.7720881830901	1.56130550894886	10.5872879458119	62.0124822948128	15.6848710308324	main	motion-pilot1	E	0.675	1	2	4	94	-LvC6l9Ql92l497mm6lb	rotation14	1575401042948	1575401010781	14	rotation
161	6	81.4308847533539	68.3743562549353	98.665779363364	16.8642861768603	18.8029479701072	main	motion-pilot1	B	0.275	1	4	1	30	-LvCCKA7zIkkVo7jboCQ	rotation6	1575400884192	1575400877415	6	rotation
162	5	62.2385144699365	43.2420523371547	12.2360039540395	2.7531008896589	59.3528500990942	main	motion-pilot1	C	0.225	1	3	2	20	-LvCCKA7zIkkVo7jboCQ	moving5	1575400893570	1575400884215	5	moving
163	18	53.1058046035469	46.2701585143805	63.695045770146	40.4863887000829	30.8335199952126	main	motion-pilot1	B	0.875	1	3	1	90	-LvCCKA7zIkkVo7jboCQ	moving18	1575400902474	1575400893572	18	moving
164	11	31.127199988629	8.58497268054634	16.3417799940302	83.2133897580206	44.7683473583311	main	motion-pilot1	A	0.525	1	2	0	70	-LvCCKA7zIkkVo7jboCQ	rotation11	1575400908710	1575400902483	11	rotation
165	17	60.8629639726132	18.7197925854627	13.2386145181954	22.6906576793488	39.0190941980109	main	motion-pilot1	D	0.825	1	1	3	80	-LvC6l9Ql92l497mm6lb	moving17	1575401070657	1575401042958	17	moving
166	9	72.9285090463236	19.3163269665092	15.8129659199499	56.180385267362	37.2069786351762	main	motion-pilot1	E	0.425	1	2	4	30	-LvCCKA7zIkkVo7jboCQ	rotation9	1575400914338	1575400908715	9	rotation
167	2	43.989209830761	3.59927811226699	47.9903748302266	30.5065141059458	55.9441511053592	main	motion-pilot1	C	0.075	1	1	2	3	-LvC6l9Ql92l497mm6lb	moving2	1575401090780	1575401070670	2	moving
168	20	96.4918015990406	38.1625866284594	5.75510876937003	5.61123105013578	72.4285129690543	main	motion-pilot1	C	0.975	1	3	2	95	-LvCCKA7zIkkVo7jboCQ	moving20	1575400937492	1575400914360	20	moving
169	8	42.7727237110958	69.1347193311561	95.5788051011041	95.4173318808898	25.9255197491835	main	motion-pilot1	B	0.375	1	4	1	30	-LvCCKA7zIkkVo7jboCQ	rotation8	1575400945508	1575400937500	8	rotation
170	6	81.4308847533539	16.8642861768603	98.665779363364	68.3743562549353	18.8029479701072	main	motion-pilot1	D	0.275	1	4	3	30	-LvCCKA7zIkkVo7jboCQ	moving6	1575400954632	1575400948671	6	moving
171	17	60.8629639726132	39.0190941980109	22.6906576793488	13.2386145181954	18.7197925854627	main	motion-pilot1	C	0.825	1	4	2	80	-LvCCKA7zIkkVo7jboCQ	rotation17	1575400958250	1575400954651	17	rotation
172	15	18.9645187696442	32.8177746850997	54.0161897981728	39.1617376036753	68.8035423401743	main	motion-pilot1	C	0.725	1	3	2	70	-LvCCKA7zIkkVo7jboCQ	moving15	1575400960758	1575400958277	15	moving
173	7	13.7696740797387	88.1584620336071	16.5643460350111	4.47514407591508	63.1675882032141	main	motion-pilot1	A	0.325	1	3	0	40	-LvCCKA7zIkkVo7jboCQ	rotation7	1575400969828	1575400960766	7	rotation
174	11	44.7683473583311	8.58497268054634	16.3417799940302	83.2133897580206	31.127199988629	main	motion-pilot1	E	0.525	1	2	4	50	-LvC6l9Ql92l497mm6lb	moving11	1575401129340	1575401090790	11	moving
175	3	77.90200591553	64.8942107334733	8.11177634168416	13.9991177245975	16.3028917973861	main	motion-pilot1	B	0.125	1	2	1	10	-LvCCKA7zIkkVo7jboCQ	moving3	1575400975410	1575400969843	3	moving
176	8	95.4173318808898	25.9255197491835	42.7727237110958	95.5788051011041	69.1347193311561	main	motion-pilot1	E	0.375	1	1	4	60	-LvCCKA7zIkkVo7jboCQ	moving8	1575400979163	1575400975429	8	moving
177	5	59.3528500990942	2.7531008896589	43.2420523371547	62.2385144699365	12.2360039540395	main	motion-pilot1	E	0.225	1	1	4	20	-LvCCKA7zIkkVo7jboCQ	rotation5	1575401003031	1575400979172	5	rotation
178	16	14.257651520893	35.0780632346869	1.89526059048277	1.46882695762414	78.7797485711053	main	motion-pilot1	C	0.775	1	3	2	80	-LvCCKA7zIkkVo7jboCQ	rotation16	1575401008107	1575401003049	16	rotation
179	16	35.0780632346869	1.89526059048277	14.257651520893	78.7797485711053	1.46882695762414	main	motion-pilot1	B	0.775	1	4	1	90	-LvCCKA7zIkkVo7jboCQ	moving16	1575401015906	1575401008129	16	moving
180	12	85.7616871595383	77.9650794574991	49.9972452572177	0.0393315451219678	28.7484160229002	main	motion-pilot1	C	0.575	1	4	2	60	-LvCCKA7zIkkVo7jboCQ	moving12	1575401018592	1575401015926	12	moving
181	12	0.0393315451219678	49.9972452572177	77.9650794574991	85.7616871595383	28.7484160229002	main	motion-pilot1	B	0.575	1	4	1	60	-LvCCKA7zIkkVo7jboCQ	rotation12	1575401025135	1575401020816	12	rotation
182	7	63.1675882032141	13.7696740797387	4.47514407591508	16.5643460350111	88.1584620336071	main	motion-pilot1	B	0.325	1	2	1	40	-LvCCKA7zIkkVo7jboCQ	moving7	1575401029398	1575401025157	7	moving
183	10	8.6432457783149	45.7821950083598	18.1963069017156	37.7604408888146	2.49180083628744	main	motion-pilot1	C	0.475	1	0	2	60	-LvCCKA7zIkkVo7jboCQ	moving10	1575401035930	1575401029419	10	moving
184	2	43.989209830761	55.9441511053592	3.59927811226699	30.5065141059458	47.9903748302266	main	motion-pilot1	E	0.075	1	2	4	40	-LvCCKA7zIkkVo7jboCQ	rotation2	1575401054084	1575401035942	2	rotation
185	18	46.2701585143805	63.695045770146	30.8335199952126	53.1058046035469	40.4863887000829	main	motion-pilot1	A	0.875	1	4	0	80	-LvCCKA7zIkkVo7jboCQ	rotation18	1575401056837	1575401054101	18	rotation
186	19	0.430113756908225	79.3081061216071	53.8587196497247	70.1779041904956	0.397855225140108	main	motion-pilot1	A	0.925	1	4	0	95	-LvCCKA7zIkkVo7jboCQ	moving19	1575401068063	1575401056851	19	moving
187	13	85.3074290556833	35.2842737651932	56.454838024309	50.5524332169443	57.2677425574511	main	motion-pilot1	C	0.625	1	1	2	70	-LvCCKA7zIkkVo7jboCQ	rotation13	1575401070665	1575401068082	13	rotation
188	9	15.8129659199499	72.9285090463236	37.2069786351762	19.3163269665092	56.180385267362	main	motion-pilot1	C	0.425	1	0	2	45	-LvCDPJVBAGqvDk39ztt	moving9	1575401199298	1575401192662	9	moving
189	19	53.8587196497247	0.430113756908225	0.397855225140108	79.3081061216071	70.1779041904956	main	motion-pilot1	B	0.925	1	2	1	50	-LvCCKA7zIkkVo7jboCQ	rotation19	1575401077758	1575401070672	19	rotation
190	4	49.0144959631118	8.57753679354457	63.8214366044849	49.6992086060345	11.9294336996973	main	motion-pilot1	A	0.175	1	1	0	47	-LvCDPJVBAGqvDk39ztt	rotation4	1575401206715	1575401199299	4	rotation
191	15	39.1617376036753	32.8177746850997	54.0161897981728	68.8035423401743	18.9645187696442	main	motion-pilot1	C	0.725	1	0	2	80	-LvCDPJVBAGqvDk39ztt	rotation15	1575401209907	1575401206716	15	rotation
192	1	10.2327921194956	87.7082964814291	46.7147195478901	2.19270741203573	73.0911182938144	main	motion-pilot1	B	0.025	1	3	1	5	-LvCCKA7zIkkVo7jboCQ	moving1	1575401082676	1575401077781	1	moving
193	6	81.4308847533539	68.3743562549353	98.665779363364	16.8642861768603	18.8029479701072	main	motion-pilot1	B	0.275	1	4	1	66	-LvCDPJVBAGqvDk39ztt	rotation6	1575401213616	1575401209909	6	rotation
194	3	77.90200591553	13.9991177245975	64.8942107334733	16.3028917973861	8.11177634168416	main	motion-pilot1	C	0.125	1	4	2	10	-LvCCKA7zIkkVo7jboCQ	rotation3	1575401087352	1575401082686	3	rotation
195	13	35.2842737651932	56.454838024309	57.2677425574511	85.3074290556833	50.5524332169443	main	motion-pilot1	B	0.625	1	0	1	60	-LvCCKA7zIkkVo7jboCQ	moving13	1575401100894	1575401089610	13	moving
196	5	62.2385144699365	43.2420523371547	12.2360039540395	2.7531008896589	59.3528500990942	main	motion-pilot1	C	0.225	1	3	2	14	-LvCDPJVBAGqvDk39ztt	moving5	1575401230511	1575401213617	5	moving
197	1	46.7147195478901	10.2327921194956	2.19270741203573	73.0911182938144	87.7082964814291	main	motion-pilot1	E	0.025	1	2	4	10	-LvCCKA7zIkkVo7jboCQ	rotation1	1575401104178	1575401100914	1	rotation
198	14	99.7720881830901	10.5872879458119	15.6848710308324	1.56130550894886	62.0124822948128	main	motion-pilot1	C	0.675	1	1	2	80	-LvCCKA7zIkkVo7jboCQ	moving14	1575401106508	1575401104193	14	moving
199	20	5.61123105013578	96.4918015990406	72.4285129690543	5.75510876937003	38.1625866284594	main	motion-pilot1	D	0.975	1	0	3	90	-LvCCKA7zIkkVo7jboCQ	rotation20	1575401109186	1575401106516	20	rotation
200	18	53.1058046035469	46.2701585143805	63.695045770146	40.4863887000829	30.8335199952126	main	motion-pilot1	B	0.875	1	3	1	98	-LvCDPJVBAGqvDk39ztt	moving18	1575401237343	1575401230512	18	moving
201	10	18.1963069017156	8.6432457783149	45.7821950083598	2.49180083628744	37.7604408888146	main	motion-pilot1	A	0.475	1	1	0	70	-LvCCKA7zIkkVo7jboCQ	rotation10	1575401111899	1575401109201	10	rotation
202	11	31.127199988629	8.58497268054634	16.3417799940302	83.2133897580206	44.7683473583311	main	motion-pilot1	A	0.525	1	2	0	67	-LvCDPJVBAGqvDk39ztt	rotation11	1575401240122	1575401237344	11	rotation
203	9	72.9285090463236	19.3163269665092	15.8129659199499	56.180385267362	37.2069786351762	main	motion-pilot1	E	0.425	1	2	4	34	-LvCDPJVBAGqvDk39ztt	rotation9	1575401243339	1575401240124	9	rotation
204	4	8.57753679354457	11.9294336996973	49.6992086060345	49.0144959631118	63.8214366044849	main	motion-pilot1	D	0.175	1	0	3	40	-LvCCKA7zIkkVo7jboCQ	moving4	1575401118094	1575401111911	4	moving
205	20	96.4918015990406	38.1625866284594	5.75510876937003	5.61123105013578	72.4285129690543	main	motion-pilot1	C	0.975	1	3	2	99	-LvCDPJVBAGqvDk39ztt	moving20	1575401248483	1575401243340	20	moving
206	14	99.7720881830901	1.56130550894886	10.5872879458119	62.0124822948128	15.6848710308324	main	motion-pilot1	E	0.675	1	2	4	69	-LvCCKA7zIkkVo7jboCQ	rotation14	1575401122318	1575401118104	14	rotation
207	8	42.7727237110958	69.1347193311561	95.5788051011041	95.4173318808898	25.9255197491835	main	motion-pilot1	B	0.375	1	4	1	45	-LvCDPJVBAGqvDk39ztt	rotation8	1575401253203	1575401248485	8	rotation
208	17	60.8629639726132	18.7197925854627	13.2386145181954	22.6906576793488	39.0190941980109	main	motion-pilot1	D	0.825	1	1	3	80	-LvCCKA7zIkkVo7jboCQ	moving17	1575401125686	1575401122340	17	moving
209	2	43.989209830761	3.59927811226699	47.9903748302266	30.5065141059458	55.9441511053592	main	motion-pilot1	C	0.075	1	1	2	20	-LvCCKA7zIkkVo7jboCQ	moving2	1575401128736	1575401125699	2	moving
210	11	44.7683473583311	8.58497268054634	16.3417799940302	83.2133897580206	31.127199988629	main	motion-pilot1	E	0.525	1	2	4	60	-LvCCKA7zIkkVo7jboCQ	moving11	1575401131796	1575401128749	11	moving
211	6	81.4308847533539	16.8642861768603	98.665779363364	68.3743562549353	18.8029479701072	main	motion-pilot1	D	0.275	1	4	3	47	-LvCDPJVBAGqvDk39ztt	moving6	1575401295152	1575401284164	6	moving
212	17	60.8629639726132	39.0190941980109	22.6906576793488	13.2386145181954	18.7197925854627	main	motion-pilot1	C	0.825	1	4	2	65	-LvCDPJVBAGqvDk39ztt	rotation17	1575401300768	1575401295159	17	rotation
213	15	18.9645187696442	32.8177746850997	54.0161897981728	39.1617376036753	68.8035423401743	main	motion-pilot1	C	0.725	1	3	2	89	-LvCDPJVBAGqvDk39ztt	moving15	1575401304807	1575401300771	15	moving
214	7	13.7696740797387	88.1584620336071	16.5643460350111	4.47514407591508	63.1675882032141	main	motion-pilot1	A	0.325	1	3	0	23	-LvCDPJVBAGqvDk39ztt	rotation7	1575401314994	1575401304808	7	rotation
215	3	77.90200591553	64.8942107334733	8.11177634168416	13.9991177245975	16.3028917973861	main	motion-pilot1	B	0.125	1	2	1	30	-LvCDPJVBAGqvDk39ztt	moving3	1575401319782	1575401314995	3	moving
216	9	15.8129659199499	72.9285090463236	37.2069786351762	19.3163269665092	56.180385267362	main	motion-pilot1	C	0.425	1	0	2	64	-LvCDMm6UN4JdE-yMUnh	moving9	1575401329813	1575401321474	9	moving
217	8	95.4173318808898	25.9255197491835	42.7727237110958	95.5788051011041	69.1347193311561	main	motion-pilot1	E	0.375	1	1	4	82	-LvCDPJVBAGqvDk39ztt	moving8	1575401326128	1575401319784	8	moving
218	5	59.3528500990942	2.7531008896589	43.2420523371547	62.2385144699365	12.2360039540395	main	motion-pilot1	E	0.225	1	1	4	10	-LvCDPJVBAGqvDk39ztt	rotation5	1575401329830	1575401326129	5	rotation
219	16	14.257651520893	35.0780632346869	1.89526059048277	1.46882695762414	78.7797485711053	main	motion-pilot1	C	0.775	1	3	2	95	-LvCDPJVBAGqvDk39ztt	rotation16	1575401336630	1575401329831	16	rotation
220	4	49.0144959631118	8.57753679354457	63.8214366044849	49.6992086060345	11.9294336996973	main	motion-pilot1	A	0.175	1	1	0	34	-LvCDMm6UN4JdE-yMUnh	rotation4	1575401341356	1575401329820	4	rotation
221	15	39.1617376036753	32.8177746850997	54.0161897981728	68.8035423401743	18.9645187696442	main	motion-pilot1	C	0.725	1	0	2	66	-LvCDMm6UN4JdE-yMUnh	rotation15	1575401345960	1575401341359	15	rotation
222	16	35.0780632346869	1.89526059048277	14.257651520893	78.7797485711053	1.46882695762414	main	motion-pilot1	B	0.775	1	4	1	94	-LvCDPJVBAGqvDk39ztt	moving16	1575401348706	1575401336631	16	moving
223	12	85.7616871595383	77.9650794574991	49.9972452572177	0.0393315451219678	28.7484160229002	main	motion-pilot1	C	0.575	1	4	2	88	-LvCDPJVBAGqvDk39ztt	moving12	1575401352827	1575401348713	12	moving
224	6	81.4308847533539	68.3743562549353	98.665779363364	16.8642861768603	18.8029479701072	main	motion-pilot1	B	0.275	1	4	1	24	-LvCDMm6UN4JdE-yMUnh	rotation6	1575401357691	1575401345961	6	rotation
225	12	0.0393315451219678	49.9972452572177	77.9650794574991	85.7616871595383	28.7484160229002	main	motion-pilot1	B	0.575	1	4	1	88	-LvCDPJVBAGqvDk39ztt	rotation12	1575401370603	1575401367131	12	rotation
226	7	63.1675882032141	13.7696740797387	4.47514407591508	16.5643460350111	88.1584620336071	main	motion-pilot1	B	0.325	1	2	1	50	-LvCDPJVBAGqvDk39ztt	moving7	1575401375191	1575401370610	7	moving
227	5	62.2385144699365	43.2420523371547	12.2360039540395	2.7531008896589	59.3528500990942	main	motion-pilot1	C	0.225	1	3	2	15	-LvCDMm6UN4JdE-yMUnh	moving5	1575401383386	1575401357692	5	moving
228	10	8.6432457783149	45.7821950083598	18.1963069017156	37.7604408888146	2.49180083628744	main	motion-pilot1	C	0.475	1	0	2	65	-LvCDPJVBAGqvDk39ztt	moving10	1575401381269	1575401375195	10	moving
229	18	53.1058046035469	46.2701585143805	63.695045770146	40.4863887000829	30.8335199952126	main	motion-pilot1	B	0.875	1	3	1	98	-LvCDMm6UN4JdE-yMUnh	moving18	1575401388951	1575401383392	18	moving
230	2	43.989209830761	55.9441511053592	3.59927811226699	30.5065141059458	47.9903748302266	main	motion-pilot1	E	0.075	1	2	4	34	-LvCDPJVBAGqvDk39ztt	rotation2	1575401386809	1575401381271	2	rotation
231	11	31.127199988629	8.58497268054634	16.3417799940302	83.2133897580206	44.7683473583311	main	motion-pilot1	A	0.525	1	2	0	35	-LvCDMm6UN4JdE-yMUnh	rotation11	1575401394399	1575401388955	11	rotation
232	9	72.9285090463236	19.3163269665092	15.8129659199499	56.180385267362	37.2069786351762	main	motion-pilot1	E	0.425	1	2	4	30	-LvCDMm6UN4JdE-yMUnh	rotation9	1575401397150	1575401394400	9	rotation
233	18	46.2701585143805	63.695045770146	30.8335199952126	53.1058046035469	40.4863887000829	main	motion-pilot1	A	0.875	1	4	0	96	-LvCDPJVBAGqvDk39ztt	rotation18	1575401395065	1575401386812	18	rotation
234	20	96.4918015990406	38.1625866284594	5.75510876937003	5.61123105013578	72.4285129690543	main	motion-pilot1	C	0.975	1	3	2	100	-LvCDMm6UN4JdE-yMUnh	moving20	1575401408782	1575401397162	20	moving
235	19	0.430113756908225	79.3081061216071	53.8587196497247	70.1779041904956	0.397855225140108	main	motion-pilot1	A	0.925	1	4	0	84	-LvCDPJVBAGqvDk39ztt	moving19	1575401406624	1575401395066	19	moving
236	8	42.7727237110958	69.1347193311561	95.5788051011041	95.4173318808898	25.9255197491835	main	motion-pilot1	B	0.375	1	4	1	20	-LvCDMm6UN4JdE-yMUnh	rotation8	1575401415620	1575401408783	8	rotation
237	13	85.3074290556833	35.2842737651932	56.454838024309	50.5524332169443	57.2677425574511	main	motion-pilot1	C	0.625	1	1	2	40	-LvCDPJVBAGqvDk39ztt	rotation13	1575401419166	1575401406630	13	rotation
238	19	53.8587196497247	0.430113756908225	0.397855225140108	79.3081061216071	70.1779041904956	main	motion-pilot1	B	0.925	1	2	1	68	-LvCDPJVBAGqvDk39ztt	rotation19	1575401429778	1575401419169	19	rotation
239	1	10.2327921194956	87.7082964814291	46.7147195478901	2.19270741203573	73.0911182938144	main	motion-pilot1	B	0.025	1	3	1	12	-LvCDPJVBAGqvDk39ztt	moving1	1575401435068	1575401429785	1	moving
240	3	77.90200591553	13.9991177245975	64.8942107334733	16.3028917973861	8.11177634168416	main	motion-pilot1	C	0.125	1	4	2	16	-LvCDPJVBAGqvDk39ztt	rotation3	1575401442024	1575401435071	3	rotation
241	6	81.4308847533539	16.8642861768603	98.665779363364	68.3743562549353	18.8029479701072	main	motion-pilot1	D	0.275	1	4	3	22	-LvCDMm6UN4JdE-yMUnh	moving6	1575401449357	1575401420470	6	moving
242	17	60.8629639726132	39.0190941980109	22.6906576793488	13.2386145181954	18.7197925854627	main	motion-pilot1	C	0.825	1	4	2	85	-LvCDMm6UN4JdE-yMUnh	rotation17	1575401454209	1575401449363	17	rotation
243	15	18.9645187696442	32.8177746850997	54.0161897981728	39.1617376036753	68.8035423401743	main	motion-pilot1	C	0.725	1	3	2	95	-LvCDMm6UN4JdE-yMUnh	moving15	1575401460050	1575401454215	15	moving
244	13	35.2842737651932	56.454838024309	57.2677425574511	85.3074290556833	50.5524332169443	main	motion-pilot1	B	0.625	1	0	1	88	-LvCDPJVBAGqvDk39ztt	moving13	1575401458806	1575401451913	13	moving
245	1	46.7147195478901	10.2327921194956	2.19270741203573	73.0911182938144	87.7082964814291	main	motion-pilot1	E	0.025	1	2	4	10	-LvCDPJVBAGqvDk39ztt	rotation1	1575401463484	1575401458812	1	rotation
246	14	99.7720881830901	10.5872879458119	15.6848710308324	1.56130550894886	62.0124822948128	main	motion-pilot1	C	0.675	1	1	2	80	-LvCDPJVBAGqvDk39ztt	moving14	1575401468169	1575401463486	14	moving
247	20	5.61123105013578	96.4918015990406	72.4285129690543	5.75510876937003	38.1625866284594	main	motion-pilot1	D	0.975	1	0	3	70	-LvCDPJVBAGqvDk39ztt	rotation20	1575401473411	1575401468170	20	rotation
248	10	18.1963069017156	8.6432457783149	45.7821950083598	2.49180083628744	37.7604408888146	main	motion-pilot1	A	0.475	1	1	0	64	-LvCDPJVBAGqvDk39ztt	rotation10	1575401482061	1575401473412	10	rotation
249	4	8.57753679354457	11.9294336996973	49.6992086060345	49.0144959631118	63.8214366044849	main	motion-pilot1	D	0.175	1	0	3	30	-LvCDPJVBAGqvDk39ztt	moving4	1575401489735	1575401482066	4	moving
250	14	99.7720881830901	1.56130550894886	10.5872879458119	62.0124822948128	15.6848710308324	main	motion-pilot1	E	0.675	1	2	4	55	-LvCDPJVBAGqvDk39ztt	rotation14	1575401493406	1575401489741	14	rotation
251	17	60.8629639726132	18.7197925854627	13.2386145181954	22.6906576793488	39.0190941980109	main	motion-pilot1	D	0.825	1	1	3	80	-LvCDPJVBAGqvDk39ztt	moving17	1575401496939	1575401493407	17	moving
252	2	43.989209830761	3.59927811226699	47.9903748302266	30.5065141059458	55.9441511053592	main	motion-pilot1	C	0.075	1	1	2	20	-LvCDPJVBAGqvDk39ztt	moving2	1575401499826	1575401496941	2	moving
253	11	44.7683473583311	8.58497268054634	16.3417799940302	83.2133897580206	31.127199988629	main	motion-pilot1	E	0.525	1	2	4	74	-LvCDPJVBAGqvDk39ztt	moving11	1575401506317	1575401499827	11	moving
254	7	13.7696740797387	88.1584620336071	16.5643460350111	4.47514407591508	63.1675882032141	main	motion-pilot1	A	0.325	1	3	0	30	-LvCDMm6UN4JdE-yMUnh	rotation7	1575401537478	1575401460057	7	rotation
255	3	77.90200591553	64.8942107334733	8.11177634168416	13.9991177245975	16.3028917973861	main	motion-pilot1	B	0.125	1	2	1	10	-LvCDMm6UN4JdE-yMUnh	moving3	1575401540597	1575401537494	3	moving
256	8	95.4173318808898	25.9255197491835	42.7727237110958	95.5788051011041	69.1347193311561	main	motion-pilot1	E	0.375	1	1	4	55	-LvCDMm6UN4JdE-yMUnh	moving8	1575401543972	1575401540604	8	moving
257	5	59.3528500990942	2.7531008896589	43.2420523371547	62.2385144699365	12.2360039540395	main	motion-pilot1	E	0.225	1	1	4	7	-LvCDMm6UN4JdE-yMUnh	rotation5	1575401548348	1575401543979	5	rotation
258	16	14.257651520893	35.0780632346869	1.89526059048277	1.46882695762414	78.7797485711053	main	motion-pilot1	C	0.775	1	3	2	7	-LvCDMm6UN4JdE-yMUnh	rotation16	1575401550643	1575401548354	16	rotation
259	16	35.0780632346869	1.89526059048277	14.257651520893	78.7797485711053	1.46882695762414	main	motion-pilot1	B	0.775	1	4	1	97	-LvCDMm6UN4JdE-yMUnh	moving16	1575401557344	1575401550657	16	moving
260	12	85.7616871595383	77.9650794574991	49.9972452572177	0.0393315451219678	28.7484160229002	main	motion-pilot1	C	0.575	1	4	2	84	-LvCDMm6UN4JdE-yMUnh	moving12	1575401561997	1575401557352	12	moving
261	12	0.0393315451219678	49.9972452572177	77.9650794574991	85.7616871595383	28.7484160229002	main	motion-pilot1	B	0.575	1	4	1	60	-LvCDMm6UN4JdE-yMUnh	rotation12	1575401574581	1575401564260	12	rotation
262	7	63.1675882032141	13.7696740797387	4.47514407591508	16.5643460350111	88.1584620336071	main	motion-pilot1	B	0.325	1	2	1	47	-LvCDMm6UN4JdE-yMUnh	moving7	1575401579918	1575401574595	7	moving
263	10	8.6432457783149	45.7821950083598	18.1963069017156	37.7604408888146	2.49180083628744	main	motion-pilot1	C	0.475	1	0	2	77	-LvCDMm6UN4JdE-yMUnh	moving10	1575401586556	1575401579930	10	moving
264	2	43.989209830761	55.9441511053592	3.59927811226699	30.5065141059458	47.9903748302266	main	motion-pilot1	E	0.075	1	2	4	4	-LvCDMm6UN4JdE-yMUnh	rotation2	1575401590826	1575401586566	2	rotation
265	18	46.2701585143805	63.695045770146	30.8335199952126	53.1058046035469	40.4863887000829	main	motion-pilot1	A	0.875	1	4	0	37	-LvCDMm6UN4JdE-yMUnh	rotation18	1575401593834	1575401590834	18	rotation
266	19	0.430113756908225	79.3081061216071	53.8587196497247	70.1779041904956	0.397855225140108	main	motion-pilot1	A	0.925	1	4	0	100	-LvCDMm6UN4JdE-yMUnh	moving19	1575401596266	1575401593842	19	moving
267	13	85.3074290556833	35.2842737651932	56.454838024309	50.5524332169443	57.2677425574511	main	motion-pilot1	C	0.625	1	1	2	88	-LvCDMm6UN4JdE-yMUnh	rotation13	1575401599427	1575401596270	13	rotation
268	19	53.8587196497247	0.430113756908225	0.397855225140108	79.3081061216071	70.1779041904956	main	motion-pilot1	B	0.925	1	2	1	100	-LvCDMm6UN4JdE-yMUnh	rotation19	1575401602285	1575401599435	19	rotation
269	1	10.2327921194956	87.7082964814291	46.7147195478901	2.19270741203573	73.0911182938144	main	motion-pilot1	B	0.025	1	3	1	1	-LvCDMm6UN4JdE-yMUnh	moving1	1575401605346	1575401602294	1	moving
270	3	77.90200591553	13.9991177245975	64.8942107334733	16.3028917973861	8.11177634168416	main	motion-pilot1	C	0.125	1	4	2	19	-LvCDMm6UN4JdE-yMUnh	rotation3	1575401609308	1575401605351	3	rotation
271	13	35.2842737651932	56.454838024309	57.2677425574511	85.3074290556833	50.5524332169443	main	motion-pilot1	B	0.625	1	0	1	96	-LvCDMm6UN4JdE-yMUnh	moving13	1575401614900	1575401611154	13	moving
272	1	46.7147195478901	10.2327921194956	2.19270741203573	73.0911182938144	87.7082964814291	main	motion-pilot1	E	0.025	1	2	4	2	-LvCDMm6UN4JdE-yMUnh	rotation1	1575401617129	1575401614911	1	rotation
273	14	99.7720881830901	10.5872879458119	15.6848710308324	1.56130550894886	62.0124822948128	main	motion-pilot1	C	0.675	1	1	2	88	-LvCDMm6UN4JdE-yMUnh	moving14	1575401619993	1575401617136	14	moving
274	20	5.61123105013578	96.4918015990406	72.4285129690543	5.75510876937003	38.1625866284594	main	motion-pilot1	D	0.975	1	0	3	97	-LvCDMm6UN4JdE-yMUnh	rotation20	1575401623900	1575401619998	20	rotation
275	10	18.1963069017156	8.6432457783149	45.7821950083598	2.49180083628744	37.7604408888146	main	motion-pilot1	A	0.475	1	1	0	72	-LvCDMm6UN4JdE-yMUnh	rotation10	1575401630742	1575401623908	10	rotation
276	4	8.57753679354457	11.9294336996973	49.6992086060345	49.0144959631118	63.8214366044849	main	motion-pilot1	D	0.175	1	0	3	9	-LvCDMm6UN4JdE-yMUnh	moving4	1575401635488	1575401630754	4	moving
277	14	99.7720881830901	1.56130550894886	10.5872879458119	62.0124822948128	15.6848710308324	main	motion-pilot1	E	0.675	1	2	4	77	-LvCDMm6UN4JdE-yMUnh	rotation14	1575401637413	1575401635495	14	rotation
278	17	60.8629639726132	18.7197925854627	13.2386145181954	22.6906576793488	39.0190941980109	main	motion-pilot1	D	0.825	1	1	3	100	-LvCDMm6UN4JdE-yMUnh	moving17	1575401639646	1575401637429	17	moving
279	2	43.989209830761	3.59927811226699	47.9903748302266	30.5065141059458	55.9441511053592	main	motion-pilot1	C	0.075	1	1	2	6	-LvCDMm6UN4JdE-yMUnh	moving2	1575401644505	1575401639658	2	moving
280	11	44.7683473583311	8.58497268054634	16.3417799940302	83.2133897580206	31.127199988629	main	motion-pilot1	E	0.525	1	2	4	12	-LvCDMm6UN4JdE-yMUnh	moving11	1575401645961	1575401644515	11	moving
281	9	15.8129659199499	72.9285090463236	37.2069786351762	19.3163269665092	56.180385267362	main	motion-pilot1	C	0.425	1	0	2	40	-LvCE0Kf-3hHafXP4jH-	moving9	1575401795237	1575401782931	9	moving
282	4	49.0144959631118	8.57753679354457	63.8214366044849	49.6992086060345	11.9294336996973	main	motion-pilot1	A	0.175	1	1	0	50	-LvCE0Kf-3hHafXP4jH-	rotation4	1575401803002	1575401795239	4	rotation
283	15	39.1617376036753	32.8177746850997	54.0161897981728	68.8035423401743	18.9645187696442	main	motion-pilot1	C	0.725	1	0	2	67	-LvCE0Kf-3hHafXP4jH-	rotation15	1575401807162	1575401803005	15	rotation
284	6	81.4308847533539	68.3743562549353	98.665779363364	16.8642861768603	18.8029479701072	main	motion-pilot1	B	0.275	1	4	1	60	-LvCE0Kf-3hHafXP4jH-	rotation6	1575401811658	1575401807164	6	rotation
285	5	62.2385144699365	43.2420523371547	12.2360039540395	2.7531008896589	59.3528500990942	main	motion-pilot1	C	0.225	1	3	2	20	-LvCE0Kf-3hHafXP4jH-	moving5	1575401820570	1575401811661	5	moving
286	18	53.1058046035469	46.2701585143805	63.695045770146	40.4863887000829	30.8335199952126	main	motion-pilot1	B	0.875	1	3	1	70	-LvCE0Kf-3hHafXP4jH-	moving18	1575401855010	1575401820572	18	moving
287	11	31.127199988629	8.58497268054634	16.3417799940302	83.2133897580206	44.7683473583311	main	motion-pilot1	A	0.525	1	2	0	60	-LvCE0Kf-3hHafXP4jH-	rotation11	1575401859868	1575401855013	11	rotation
288	9	72.9285090463236	19.3163269665092	15.8129659199499	56.180385267362	37.2069786351762	main	motion-pilot1	E	0.425	1	2	4	45	-LvCE0Kf-3hHafXP4jH-	rotation9	1575401864345	1575401859870	9	rotation
289	20	96.4918015990406	38.1625866284594	5.75510876937003	5.61123105013578	72.4285129690543	main	motion-pilot1	C	0.975	1	3	2	100	-LvCE0Kf-3hHafXP4jH-	moving20	1575401870620	1575401864347	20	moving
290	8	42.7727237110958	69.1347193311561	95.5788051011041	95.4173318808898	25.9255197491835	main	motion-pilot1	B	0.375	1	4	1	60	-LvCE0Kf-3hHafXP4jH-	rotation8	1575401956055	1575401870623	8	rotation
291	6	81.4308847533539	16.8642861768603	98.665779363364	68.3743562549353	18.8029479701072	main	motion-pilot1	D	0.275	1	4	3	45	-LvCE0Kf-3hHafXP4jH-	moving6	1575402036689	1575402031814	6	moving
292	17	60.8629639726132	39.0190941980109	22.6906576793488	13.2386145181954	18.7197925854627	main	motion-pilot1	C	0.825	1	4	2	80	-LvCE0Kf-3hHafXP4jH-	rotation17	1575402043189	1575402036692	17	rotation
293	15	18.9645187696442	32.8177746850997	54.0161897981728	39.1617376036753	68.8035423401743	main	motion-pilot1	C	0.725	1	3	2	70	-LvCE0Kf-3hHafXP4jH-	moving15	1575402047787	1575402043191	15	moving
294	7	13.7696740797387	88.1584620336071	16.5643460350111	4.47514407591508	63.1675882032141	main	motion-pilot1	A	0.325	1	3	0	25	-LvCE0Kf-3hHafXP4jH-	rotation7	1575402052719	1575402047788	7	rotation
295	3	77.90200591553	64.8942107334733	8.11177634168416	13.9991177245975	16.3028917973861	main	motion-pilot1	B	0.125	1	2	1	10	-LvCE0Kf-3hHafXP4jH-	moving3	1575402059055	1575402052722	3	moving
296	8	95.4173318808898	25.9255197491835	42.7727237110958	95.5788051011041	69.1347193311561	main	motion-pilot1	E	0.375	1	1	4	35	-LvCE0Kf-3hHafXP4jH-	moving8	1575402064342	1575402059056	8	moving
297	5	59.3528500990942	2.7531008896589	43.2420523371547	62.2385144699365	12.2360039540395	main	motion-pilot1	E	0.225	1	1	4	30	-LvCE0Kf-3hHafXP4jH-	rotation5	1575402076245	1575402064345	5	rotation
298	16	14.257651520893	35.0780632346869	1.89526059048277	1.46882695762414	78.7797485711053	main	motion-pilot1	C	0.775	1	3	2	90	-LvCE0Kf-3hHafXP4jH-	rotation16	1575402082555	1575402076251	16	rotation
299	16	35.0780632346869	1.89526059048277	14.257651520893	78.7797485711053	1.46882695762414	main	motion-pilot1	B	0.775	1	4	1	86	-LvCE0Kf-3hHafXP4jH-	moving16	1575402088956	1575402082558	16	moving
300	12	85.7616871595383	77.9650794574991	49.9972452572177	0.0393315451219678	28.7484160229002	main	motion-pilot1	C	0.575	1	4	2	70	-LvCE0Kf-3hHafXP4jH-	moving12	1575402093596	1575402088958	12	moving
301	12	0.0393315451219678	49.9972452572177	77.9650794574991	85.7616871595383	28.7484160229002	main	motion-pilot1	B	0.575	1	4	1	70	-LvCE0Kf-3hHafXP4jH-	rotation12	1575402336280	1575402331120	12	rotation
302	7	63.1675882032141	13.7696740797387	4.47514407591508	16.5643460350111	88.1584620336071	main	motion-pilot1	B	0.325	1	2	1	45	-LvCE0Kf-3hHafXP4jH-	moving7	1575402340096	1575402336283	7	moving
303	10	8.6432457783149	45.7821950083598	18.1963069017156	37.7604408888146	2.49180083628744	main	motion-pilot1	C	0.475	1	0	2	50	-LvCE0Kf-3hHafXP4jH-	moving10	1575402343976	1575402340098	10	moving
304	2	43.989209830761	55.9441511053592	3.59927811226699	30.5065141059458	47.9903748302266	main	motion-pilot1	E	0.075	1	2	4	25	-LvCE0Kf-3hHafXP4jH-	rotation2	1575402347776	1575402343978	2	rotation
305	18	46.2701585143805	63.695045770146	30.8335199952126	53.1058046035469	40.4863887000829	main	motion-pilot1	A	0.875	1	4	0	65	-LvCE0Kf-3hHafXP4jH-	rotation18	1575402351160	1575402347778	18	rotation
306	19	0.430113756908225	79.3081061216071	53.8587196497247	70.1779041904956	0.397855225140108	main	motion-pilot1	A	0.925	1	4	0	98	-LvCE0Kf-3hHafXP4jH-	moving19	1575402357022	1575402351161	19	moving
307	13	85.3074290556833	35.2842737651932	56.454838024309	50.5524332169443	57.2677425574511	main	motion-pilot1	C	0.625	1	1	2	70	-LvCE0Kf-3hHafXP4jH-	rotation13	1575402365556	1575402357024	13	rotation
308	19	53.8587196497247	0.430113756908225	0.397855225140108	79.3081061216071	70.1779041904956	main	motion-pilot1	B	0.925	1	2	1	98	-LvCE0Kf-3hHafXP4jH-	rotation19	1575402389188	1575402365558	19	rotation
309	1	10.2327921194956	87.7082964814291	46.7147195478901	2.19270741203573	73.0911182938144	main	motion-pilot1	B	0.025	1	3	1	5	-LvCE0Kf-3hHafXP4jH-	moving1	1575402393807	1575402389190	1	moving
310	3	77.90200591553	13.9991177245975	64.8942107334733	16.3028917973861	8.11177634168416	main	motion-pilot1	C	0.125	1	4	2	8	-LvCE0Kf-3hHafXP4jH-	rotation3	1575402399575	1575402393808	3	rotation
311	13	35.2842737651932	56.454838024309	57.2677425574511	85.3074290556833	50.5524332169443	main	motion-pilot1	B	0.625	1	0	1	80	-LvCE0Kf-3hHafXP4jH-	moving13	1575402436753	1575402432461	13	moving
312	1	46.7147195478901	10.2327921194956	2.19270741203573	73.0911182938144	87.7082964814291	main	motion-pilot1	E	0.025	1	2	4	15	-LvCE0Kf-3hHafXP4jH-	rotation1	1575402439840	1575402436755	1	rotation
313	14	99.7720881830901	10.5872879458119	15.6848710308324	1.56130550894886	62.0124822948128	main	motion-pilot1	C	0.675	1	1	2	80	-LvCE0Kf-3hHafXP4jH-	moving14	1575402443357	1575402439842	14	moving
314	20	5.61123105013578	96.4918015990406	72.4285129690543	5.75510876937003	38.1625866284594	main	motion-pilot1	D	0.975	1	0	3	90	-LvCE0Kf-3hHafXP4jH-	rotation20	1575402446839	1575402443359	20	rotation
315	10	18.1963069017156	8.6432457783149	45.7821950083598	2.49180083628744	37.7604408888146	main	motion-pilot1	A	0.475	1	1	0	60	-LvCE0Kf-3hHafXP4jH-	rotation10	1575402449758	1575402446841	10	rotation
316	4	8.57753679354457	11.9294336996973	49.6992086060345	49.0144959631118	63.8214366044849	main	motion-pilot1	D	0.175	1	0	3	30	-LvCE0Kf-3hHafXP4jH-	moving4	1575402454830	1575402449760	4	moving
317	14	99.7720881830901	1.56130550894886	10.5872879458119	62.0124822948128	15.6848710308324	main	motion-pilot1	E	0.675	1	2	4	70	-LvCE0Kf-3hHafXP4jH-	rotation14	1575402458989	1575402454831	14	rotation
318	17	60.8629639726132	18.7197925854627	13.2386145181954	22.6906576793488	39.0190941980109	main	motion-pilot1	D	0.825	1	1	3	80	-LvCE0Kf-3hHafXP4jH-	moving17	1575402461641	1575402458990	17	moving
319	2	43.989209830761	3.59927811226699	47.9903748302266	30.5065141059458	55.9441511053592	main	motion-pilot1	C	0.075	1	1	2	10	-LvCE0Kf-3hHafXP4jH-	moving2	1575402466206	1575402461643	2	moving
320	11	44.7683473583311	8.58497268054634	16.3417799940302	83.2133897580206	31.127199988629	main	motion-pilot1	E	0.525	1	2	4	50	-LvCE0Kf-3hHafXP4jH-	moving11	1575402469543	1575402466209	11	moving
321	9	15.8129659199499	72.9285090463236	37.2069786351762	19.3163269665092	56.180385267362	main	motion-pilot1	C	0.425	1	0	2	60	-LvCLSMJUmCdTKFvtOlf	moving9	1575403488038	1575403465617	9	moving
322	4	49.0144959631118	8.57753679354457	63.8214366044849	49.6992086060345	11.9294336996973	main	motion-pilot1	A	0.175	1	1	0	20	-LvCLSMJUmCdTKFvtOlf	rotation4	1575403499502	1575403488103	4	rotation
323	15	39.1617376036753	32.8177746850997	54.0161897981728	68.8035423401743	18.9645187696442	main	motion-pilot1	C	0.725	1	0	2	40	-LvCLSMJUmCdTKFvtOlf	rotation15	1575403517544	1575403499548	15	rotation
324	6	81.4308847533539	68.3743562549353	98.665779363364	16.8642861768603	18.8029479701072	main	motion-pilot1	B	0.275	1	4	1	20	-LvCLSMJUmCdTKFvtOlf	rotation6	1575403522949	1575403517561	6	rotation
325	5	62.2385144699365	43.2420523371547	12.2360039540395	2.7531008896589	59.3528500990942	main	motion-pilot1	C	0.225	1	3	2	25	-LvCLSMJUmCdTKFvtOlf	moving5	1575403540051	1575403522960	5	moving
326	18	53.1058046035469	46.2701585143805	63.695045770146	40.4863887000829	30.8335199952126	main	motion-pilot1	B	0.875	1	3	1	100	-LvCLSMJUmCdTKFvtOlf	moving18	1575403546629	1575403540068	18	moving
327	11	31.127199988629	8.58497268054634	16.3417799940302	83.2133897580206	44.7683473583311	main	motion-pilot1	A	0.525	1	2	0	50	-LvCLSMJUmCdTKFvtOlf	rotation11	1575403554358	1575403546643	11	rotation
328	9	72.9285090463236	19.3163269665092	15.8129659199499	56.180385267362	37.2069786351762	main	motion-pilot1	E	0.425	1	2	4	50	-LvCLSMJUmCdTKFvtOlf	rotation9	1575403568196	1575403554423	9	rotation
329	20	96.4918015990406	38.1625866284594	5.75510876937003	5.61123105013578	72.4285129690543	main	motion-pilot1	C	0.975	1	3	2	100	-LvCLSMJUmCdTKFvtOlf	moving20	1575403575749	1575403568313	20	moving
330	8	42.7727237110958	69.1347193311561	95.5788051011041	95.4173318808898	25.9255197491835	main	motion-pilot1	B	0.375	1	4	1	20	-LvCLSMJUmCdTKFvtOlf	rotation8	1575403586488	1575403575825	8	rotation
331	6	81.4308847533539	16.8642861768603	98.665779363364	68.3743562549353	18.8029479701072	main	motion-pilot1	D	0.275	1	4	3	35	-LvCLSMJUmCdTKFvtOlf	moving6	1575403626905	1575403614766	6	moving
332	17	60.8629639726132	39.0190941980109	22.6906576793488	13.2386145181954	18.7197925854627	main	motion-pilot1	C	0.825	1	4	2	80	-LvCLSMJUmCdTKFvtOlf	rotation17	1575403636592	1575403626935	17	rotation
333	15	18.9645187696442	32.8177746850997	54.0161897981728	39.1617376036753	68.8035423401743	main	motion-pilot1	C	0.725	1	3	2	90	-LvCLSMJUmCdTKFvtOlf	moving15	1575403648617	1575403636701	15	moving
334	7	13.7696740797387	88.1584620336071	16.5643460350111	4.47514407591508	63.1675882032141	main	motion-pilot1	A	0.325	1	3	0	45	-LvCLSMJUmCdTKFvtOlf	rotation7	1575403660579	1575403648684	7	rotation
335	3	77.90200591553	64.8942107334733	8.11177634168416	13.9991177245975	16.3028917973861	main	motion-pilot1	B	0.125	1	2	1	20	-LvCLSMJUmCdTKFvtOlf	moving3	1575403670797	1575403660689	3	moving
336	8	95.4173318808898	25.9255197491835	42.7727237110958	95.5788051011041	69.1347193311561	main	motion-pilot1	E	0.375	1	1	4	50	-LvCLSMJUmCdTKFvtOlf	moving8	1575403681989	1575403670895	8	moving
337	5	59.3528500990942	2.7531008896589	43.2420523371547	62.2385144699365	12.2360039540395	main	motion-pilot1	E	0.225	1	1	4	23	-LvCLSMJUmCdTKFvtOlf	rotation5	1575403695258	1575403682084	5	rotation
338	16	14.257651520893	35.0780632346869	1.89526059048277	1.46882695762414	78.7797485711053	main	motion-pilot1	C	0.775	1	3	2	75	-LvCLSMJUmCdTKFvtOlf	rotation16	1575403734433	1575403695335	16	rotation
339	16	35.0780632346869	1.89526059048277	14.257651520893	78.7797485711053	1.46882695762414	main	motion-pilot1	B	0.775	1	4	1	99	-LvCLSMJUmCdTKFvtOlf	moving16	1575403756163	1575403734534	16	moving
340	12	85.7616871595383	77.9650794574991	49.9972452572177	0.0393315451219678	28.7484160229002	main	motion-pilot1	C	0.575	1	4	2	80	-LvCLSMJUmCdTKFvtOlf	moving12	1575403767771	1575403756254	12	moving
341	12	0.0393315451219678	49.9972452572177	77.9650794574991	85.7616871595383	28.7484160229002	main	motion-pilot1	B	0.575	1	4	1	70	-LvCLSMJUmCdTKFvtOlf	rotation12	1575403795318	1575403782935	12	rotation
342	7	63.1675882032141	13.7696740797387	4.47514407591508	16.5643460350111	88.1584620336071	main	motion-pilot1	B	0.325	1	2	1	30	-LvCLSMJUmCdTKFvtOlf	moving7	1575403809108	1575403795430	7	moving
343	10	8.6432457783149	45.7821950083598	18.1963069017156	37.7604408888146	2.49180083628744	main	motion-pilot1	C	0.475	1	0	2	60	-LvCLSMJUmCdTKFvtOlf	moving10	1575403817387	1575403809220	10	moving
344	2	43.989209830761	55.9441511053592	3.59927811226699	30.5065141059458	47.9903748302266	main	motion-pilot1	E	0.075	1	2	4	5	-LvCLSMJUmCdTKFvtOlf	rotation2	1575403834827	1575403817444	2	rotation
345	18	46.2701585143805	63.695045770146	30.8335199952126	53.1058046035469	40.4863887000829	main	motion-pilot1	A	0.875	1	4	0	95	-LvCLSMJUmCdTKFvtOlf	rotation18	1575403853304	1575403834894	18	rotation
346	19	0.430113756908225	79.3081061216071	53.8587196497247	70.1779041904956	0.397855225140108	main	motion-pilot1	A	0.925	1	4	0	100	-LvCLSMJUmCdTKFvtOlf	moving19	1575403871774	1575403853379	19	moving
347	13	85.3074290556833	35.2842737651932	56.454838024309	50.5524332169443	57.2677425574511	main	motion-pilot1	C	0.625	1	1	2	80	-LvCLSMJUmCdTKFvtOlf	rotation13	1575403894311	1575403871840	13	rotation
348	19	53.8587196497247	0.430113756908225	0.397855225140108	79.3081061216071	70.1779041904956	main	motion-pilot1	B	0.925	1	2	1	100	-LvCLSMJUmCdTKFvtOlf	rotation19	1575403903755	1575403894383	19	rotation
349	1	10.2327921194956	87.7082964814291	46.7147195478901	2.19270741203573	73.0911182938144	main	motion-pilot1	B	0.025	1	3	1	1	-LvCLSMJUmCdTKFvtOlf	moving1	1575403909183	1575403903868	1	moving
350	3	77.90200591553	13.9991177245975	64.8942107334733	16.3028917973861	8.11177634168416	main	motion-pilot1	C	0.125	1	4	2	20	-LvCLSMJUmCdTKFvtOlf	rotation3	1575403922992	1575403909220	3	rotation
351	13	35.2842737651932	56.454838024309	57.2677425574511	85.3074290556833	50.5524332169443	main	motion-pilot1	B	0.625	1	0	1	90	-LvCLSMJUmCdTKFvtOlf	moving13	1575403972714	1575403962446	13	moving
352	1	46.7147195478901	10.2327921194956	2.19270741203573	73.0911182938144	87.7082964814291	main	motion-pilot1	E	0.025	1	2	4	5	-LvCLSMJUmCdTKFvtOlf	rotation1	1575403981171	1575403972782	1	rotation
353	14	99.7720881830901	10.5872879458119	15.6848710308324	1.56130550894886	62.0124822948128	main	motion-pilot1	C	0.675	1	1	2	85	-LvCLSMJUmCdTKFvtOlf	moving14	1575403988419	1575403981360	14	moving
354	20	5.61123105013578	96.4918015990406	72.4285129690543	5.75510876937003	38.1625866284594	main	motion-pilot1	D	0.975	1	0	3	100	-LvCLSMJUmCdTKFvtOlf	rotation20	1575404002879	1575403988467	20	rotation
355	10	18.1963069017156	8.6432457783149	45.7821950083598	2.49180083628744	37.7604408888146	main	motion-pilot1	A	0.475	1	1	0	50	-LvCLSMJUmCdTKFvtOlf	rotation10	1575404010884	1575404002938	10	rotation
356	4	8.57753679354457	11.9294336996973	49.6992086060345	49.0144959631118	63.8214366044849	main	motion-pilot1	D	0.175	1	0	3	20	-LvCLSMJUmCdTKFvtOlf	moving4	1575404022211	1575404010976	4	moving
357	14	99.7720881830901	1.56130550894886	10.5872879458119	62.0124822948128	15.6848710308324	main	motion-pilot1	E	0.675	1	2	4	75	-LvCLSMJUmCdTKFvtOlf	rotation14	1575404030118	1575404022249	14	rotation
358	17	60.8629639726132	18.7197925854627	13.2386145181954	22.6906576793488	39.0190941980109	main	motion-pilot1	D	0.825	1	1	3	100	-LvCLSMJUmCdTKFvtOlf	moving17	1575404036623	1575404030176	17	moving
359	2	43.989209830761	3.59927811226699	47.9903748302266	30.5065141059458	55.9441511053592	main	motion-pilot1	C	0.075	1	1	2	5	-LvCLSMJUmCdTKFvtOlf	moving2	1575404046360	1575404036692	2	moving
360	11	44.7683473583311	8.58497268054634	16.3417799940302	83.2133897580206	31.127199988629	main	motion-pilot1	E	0.525	1	2	4	80	-LvCLSMJUmCdTKFvtOlf	moving11	1575404061981	1575404046438	11	moving
